,img_name,number
0,1658121538304798000_11297,1
1,1658228841326039000_49698,34
2,1658197246772086000_1143,28
3,1657878709411766000_67019,1
4,1658202088766234000_47737,1
5,1658218954681043000_2109,1
6,1658203941699116000_87206,1
7,1658110023183881000_41478,33
8,1658281871814752000_67883,4
9,1658122640171619000_98718,9
10,1658142524143019000_82242,5
11,1658280141007639000_41236,1
12,1658140884112507000_73118,1
13,1657885255571848000_84542,1
14,1658193667630044000_6895,1
15,1658133335189349000_53054,1
16,1658133131965633000_89680,1
17,1658143054006244000_13663,1
18,1658224552215434000_1660,1
19,1658114147472777000_36713,7
20,1658202962879901000_88579,7
21,1658196499873799000_33842,14
22,1658210364284283000_44341,1
23,1658115335573342000_17191,1
24,1658141582679922000_22983,18
25,1658109465979612000_90064,2
26,1657880757227187000_75551,1
27,1658123475285857000_36001,1
28,1657878255262494000_81236,2
29,1658140925384488000_34835,1
30,1658228796714108000_35977,1
31,1658287504485100000_35105,89
32,1658117052445217000_17641,1
33,1658218954307748000_87626,1
34,1658112901785790000_59983,1
35,1658123544400894000_81686,4
36,1658110191462041000_35812,17
37,1658127515981798000_12173,14
38,1658123795942545000_75159,10
39,1658123923970185000_73845,1
40,1658137247304192000_80192,2
41,1658141041732869000_48337,5
42,1658202299609829000_96559,1
43,1658141651851654000_63286,1
44,1658218741628847000_95383,3
45,1658288837124786000_6649,2
46,1658140674438524000_82917,1
47,1658141643846810000_28593,1
48,1658129333156317000_12865,1
49,1658211177558127000_16694,1
50,1658140782697486000_49106,1
51,1658213909349545000_76363,1
52,1658219017079301000_1017,1
53,1658141349252972000_97914,2
54,1657881632043508000_5086,20
55,1658141048984156000_18766,40
56,1658281517444111000_10166,1
57,1658202102739674000_96322,1
58,1657878575263199000_99260,3
59,1658185175374664000_91897,1
60,1658206364793591000_40645,1
61,1658203943103218000_33261,3
62,1658227806326344000_50692,2
63,1658281111090475000_62057,1
64,1658228862001455000_26827,4
65,1658123942502106000_53018,1
66,1658194039230186000_47514,3
67,1658111214964873000_11396,1
68,1658212634736600000_88119,1
69,1658278390501021000_80235,2
70,1658141526315028000_79508,1
71,1658215076853405000_43165,4
72,1658280863269408000_99976,1
73,1658122046859235000_52374,1
74,1658288234824172000_56163,1
75,1658213814853875000_85253,2
76,1658228793668535000_16759,1
77,1658146026527716000_42635,1
78,1658278301560979000_34716,2
79,1658216250360351000_69920,1
80,1658208465670904000_96905,1
81,1658140707529552000_97453,3
82,1658140896881557000_19716,32
83,1658141525454678000_2799,2
84,1658115108204013000_39928,1
85,1657881581072330000_16144,1
86,1658141974125831000_23448,1
87,1658113028101049000_74196,19
88,1658142427860097000_98591,5
89,1658227626008904000_94736,5
90,1658206839872938000_84338,1
91,1658196490237963000_22062,26
92,1658217216568193000_39495,1
93,1658289190438437000_28934,2
94,1658193748250726000_58140,1
95,1658226804333130000_85048,1
96,1658141310680598000_4683,1
97,1658281873446505000_48125,4
98,1658134274705720000_6034,1
99,1657882480549543000_37597,5
100,1658210811803365000_33107,1
101,1658228205391906000_43216,3
102,1658290929490957000_79791,2
103,1658196379893641000_61557,1
104,1658127519771420000_74332,1
105,1658143878537974000_14431,1
106,1658140611259442000_40817,1
107,1658134739826302000_92215,1
108,1658140698923415000_74258,11
109,1657882468140520000_14180,1
110,1658142091757312000_51749,1
111,1657878219278345000_50194,1
112,1658122038492113000_67856,1
113,1658141131017374000_65578,2
114,1658139811238829000_68308,1
115,1658112479326769000_13843,1
116,1658228823274694000_36850,14
117,1658225508123629000_93412,1
118,1657882635476496000_37865,5
119,1658218954494627000_29731,1
120,1658286225742322000_55083,1
121,1658141654109948000_84773,1
122,1658142198343779000_56883,2
123,1658140662833694000_94987,1
124,1658111221475143000_27966,2
125,1658227224996526000_23177,1
126,1657878747242717000_48524,1
127,1658133451916959000_52524,1
128,1658110954689724000_91939,10
129,1657880436267905000_76000,47
130,1658196329659580000_25406,1
131,1658217195644559000_58792,1
132,1657881580934265000_73434,1
133,1658137434039564000_69871,1
134,1658224566479349000_8185,3
135,1658141647845265000_32878,17
136,1658122045238464000_68920,1
137,1658114294049001000_58185,5
138,1658141702439591000_26371,2
139,1658133341994281000_89937,6
140,1658141651338037000_98194,1
141,1658109455539733000_3077,1
142,1658141506156204000_49436,1
143,1658188962143038000_26664,1
144,1658126978772391000_82240,1
145,1658286784992537000_72185,1
146,1658291563320902000_94984,3
147,1658106660722457000_50940,1
148,1658141054073513000_19809,94
149,1658122048503804000_83267,1
150,1658218614482415000_18624,1
151,1658208453416578000_28715,1
152,1658122045441495000_72067,1
153,1658135165807803000_73913,1
154,1657879486983437000_17317,1
155,1658109364088887000_73269,2
156,1658227093964760000_21031,25
157,1658204288498448000_24361,1
158,1658141587241892000_5716,1
159,1658109455603132000_44631,1
160,1658125292026232000_90370,1
161,1658114339784351000_28448,1
162,1658215428345532000_32410,1
163,1658140839038229000_42318,22
164,1658185485137631000_31441,1
165,1658224561699710000_39156,1
166,1658140992002489000_48869,1
167,1658224933721048000_12888,1
168,1658140856779120000_30823,5
169,1658210241683461000_89325,1
170,1658228187581042000_1283,1
171,1658141610241081000_22633,1
172,1658224550404218000_93675,1
173,1658140681842853000_51524,1
174,1658142171948867000_15417,1
175,1658140710111545000_64060,1
176,1658218618572565000_83813,1
177,1658134291673874000_12770,1
178,1658227385661274000_24161,7
179,1658141088718547000_25601,1
180,1658122006185261000_85899,1
181,1658209010301076000_31158,1
182,1658279695693623000_89972,3
183,1657880400138078000_49851,1
184,1658118549404656000_13262,1
185,1658108522196885000_56723,14
186,1658143569650807000_99438,1
187,1658208222714947000_38954,1
188,1657885220881367000_56865,5
189,1658130143988385000_55325,1
190,1658115410269162000_49641,1
191,1658126203241792000_35329,1
192,1658226697025803000_56172,1
193,1658215224778278000_92856,1
194,1658224086895514000_6939,1
195,1658196790386995000_69031,7
196,1657880394569013000_75521,5
197,1657878528856607000_4859,12
198,1658123461669972000_17327,1
199,1658127230338351000_11297,3
200,1658129325936312000_55232,1
201,1658194039785329000_19199,1
202,1658112978096497000_10707,3
203,1658141478624032000_98160,44
204,1658133129324835000_59655,1
205,1658141650962163000_8228,3
206,1658109468183269000_43632,1
207,1658115849833923000_52774,1
208,1658212244371604000_85824,11
209,1658141097545224000_2523,2
210,1658129940557051000_49420,1
211,1658141087667942000_54320,1
212,1658141640760443000_47974,1
213,1658208222064813000_73174,2
214,1658196787720592000_92019,6
215,1658122265832991000_7819,1
216,1657878372828297000_67914,1
217,1658120785234904000_65668,1
218,1658142890446536000_1525,1
219,1658283756565887000_15439,1
220,1658111913363629000_65540,1
221,1658141740394502000_19306,3
222,1657878794993913000_55831,10
223,1658137897746283000_46320,1
224,1657878391005141000_83008,1
225,1658215266451087000_75003,1
226,1658143248537693000_10142,2
227,1658281587628255000_65208,7
228,1658141036697527000_82329,2
229,1658280881826926000_63457,1
230,1658123470170557000_36398,1
231,1658210241340985000_90454,1
232,1658120817646575000_9425,1
233,1658141690868342000_24076,1
234,1658146026270323000_98890,1
235,1657878986527994000_44507,2
236,1658219284346700000_34226,2
237,1658288369912718000_28687,1
238,1657880368092287000_5908,3
239,1658289190083502000_42703,1
240,1658291566139228000_14897,1
241,1658125799339704000_17526,1
242,1658123409080283000_10144,1
243,1658142085179213000_8939,24
244,1658141681745194000_55462,1
245,1658206364118100000_67091,1
246,1658122318213014000_48976,1
247,1657880758301555000_96329,12
248,1658227035515675000_98966,1
249,1658109289699951000_74195,16
250,1658128768372420000_32583,1
251,1658196474749068000_38290,31
252,1658286147549875000_42005,1
253,1658288246229046000_7957,7
254,1658140993568215000_30726,1
255,1658218954857548000_37149,3
256,1658286731977522000_25104,8
257,1658289847084432000_70525,4
258,1658213815584676000_75532,1
259,1658227586060679000_90309,2
260,1658207000516225000_27077,1
261,1658222233744890000_55176,1
262,1658199332416750000_66231,1
263,1657885253240591000_67575,1
264,1658116511132752000_15487,11
265,1658218614146752000_94846,1
266,1658143568113003000_62566,5
267,1658225027498240000_80414,1
268,1658282290719199000_67264,5
269,1658122065985108000_25377,1
270,1658185451471387000_61058,1
271,1658196124364168000_34280,13
272,1658199339981511000_20805,1
273,1658141097868782000_30406,1
274,1658141086291289000_41265,4
275,1658122025143022000_41869,24
276,1658108509421703000_67875,9
277,1657879487522696000_5249,2
278,1658141045189770000_80289,11
279,1658195402594026000_92790,2
280,1658140890660381000_79361,1
281,1658196130816491000_15027,77
282,1658209010085336000_28927,1
283,1658227055345623000_2920,3
284,1657881164946633000_79216,1
285,1658225914874326000_40741,5
286,1657881580765533000_59887,1
287,1658138731561825000_70590,9
288,1658141024914143000_59742,1
289,1658208667805673000_61610,3
290,1657881633527759000_21338,1
291,1657878081140506000_47392,7
292,1658123398436345000_2513,1
293,1658140873151545000_75767,6
294,1658227693936886000_57571,1
295,1658108542789971000_36966,2
296,1658185370206602000_84615,1
297,1657885247512287000_67789,2
298,1658196472798077000_23191,1
299,1658193667415392000_27192,1
300,1658138731164430000_70618,1
301,1658228192003502000_99759,1
302,1658134743841239000_26156,1
303,1658141556959090000_26381,2
304,1658140793428901000_71320,1
305,1658193847790902000_96699,1
306,1658281874272338000_43610,1
307,1658142940516135000_79777,1
308,1658204355552882000_77290,1
309,1658228797295821000_48795,1
310,1658137898071219000_36160,1
311,1658139339529200000_8842,5
312,1658123876463143000_4618,1
313,1658110443663284000_2955,17
314,1658113574795791000_9076,6
315,1658211410237254000_72032,1
316,1658286988939227000_70771,1
317,1658227626383334000_19836,1
318,1657885224863575000_38953,16
319,1658223362087312000_79542,1
320,1658217148788600000_88392,1
321,1657883916731882000_79508,2
322,1658225910939668000_99060,7
323,1658196793112482000_14021,8
324,1658140896228673000_55647,3
325,1658280019161029000_51807,5
326,1658223357933293000_45655,5
327,1658133285198836000_34579,1
328,1658204571370709000_65075,1
329,1657878958727449000_76275,1
330,1657878557631527000_50927,1
331,1658144086242727000_133,1
332,1658128758372279000_51365,1
333,1658213031991380000_69285,1
334,1658141854032419000_16900,8
335,1658109455167652000_42750,1
336,1658118629535291000_46306,1
337,1658128724916597000_65363,1
338,1658133421455406000_84713,1
339,1658114180351375000_10723,3
340,1658141078165088000_86878,13
341,1658226641822801000_97201,1
342,1657878960883367000_32846,21
343,1658146432939864000_34345,3
344,1658227102360004000_49350,3
345,1658281595977014000_45522,1
346,1658140834853127000_43408,2
347,1658140359714817000_63406,1
348,1658291562257249000_28662,1
349,1658202291751711000_37615,1
350,1658143726939018000_34656,73
351,1658227103266259000_92128,21
352,1657882621279633000_41233,1
353,1658201624070563000_86231,1
354,1658204802947334000_71798,1
355,1658208804881338000_58017,1
356,1658227234549388000_2869,1
357,1658196507483274000_76113,1
358,1658218614910385000_50446,1
359,1658144416060978000_52709,1
360,1658197233805032000_61438,1
361,1658144090775318000_29642,1
362,1657878218821169000_15611,1
363,1658133304679165000_9663,2
364,1658143568964970000_77278,5
365,1658206993332376000_51375,1
366,1658226702797085000_92248,1
367,1657878077829892000_58747,4
368,1658140874223431000_9274,11
369,1658201468268643000_40773,1
370,1657880389213720000_46281,4
371,1658141026416348000_81033,1
372,1658185305174661000_93039,1
373,1658227587255453000_35083,1
374,1658142891749429000_21430,1
375,1658141350078007000_66424,1
376,1657878809919506000_65881,1
377,1657883258709500000_63626,97
378,1658127754349653000_65910,1
379,1657880350118088000_34076,1
380,1658229193820098000_6215,1
381,1658140905062968000_60736,1
382,1657881165071215000_63781,2
383,1657880635383339000_35693,1
384,1657878958555576000_65893,1
385,1658140662040962000_17060,4
386,1658225749023260000_25998,1
387,1658221485887495000_42033,1
388,1658208231380079000_54163,1
389,1658127754548796000_60801,1
390,1658127469415801000_66189,19
391,1658210016422511000_41214,1
392,1658210015537012000_67920,2
393,1658228796542607000_37579,11
394,1658282361176433000_95175,1
395,1658143829062231000_40355,2
396,1658141026165805000_20277,2
397,1657878775997250000_58361,12
398,1658110918049482000_93776,246
399,1658141441301789000_17971,1
400,1658193818575857000_62212,1
401,1658122306668963000_48675,1
402,1657881172628342000_81011,4
403,1658140482632421000_55918,1
404,1658127229424487000_4235,1
405,1658113766847093000_6409,5
406,1658141842517064000_26296,67
407,1658194038811269000_59365,1
408,1658206908944341000_80718,2
409,1658145708203124000_55817,4
410,1658111903321443000_50456,23
411,1658218617331268000_64709,1
412,1658114180205705000_96363,1
413,1658133421320071000_43868,1
414,1658278716651584000_90027,1
415,1658123399722969000_69259,1
416,1658141052619176000_42203,1
417,1658193791841882000_19166,1
418,1657880422768660000_64835,1
419,1658141203316479000_56225,2
420,1658213034593672000_33388,1
421,1657885217038617000_74688,4
422,1658212133217803000_69121,1
423,1657878958300747000_24767,1
424,1658143868284291000_33463,1
425,1658280882204325000_16278,2
426,1658128766300835000_57623,2
427,1658202295614841000_36572,1
428,1658291527602930000_24549,1
429,1657878184019085000_74331,254
430,1658132580835042000_96204,12
431,1658140994378051000_75118,1
432,1658211176288066000_96870,1
433,1658204567291715000_56269,1
434,1658140514056027000_93690,1
435,1657878170314352000_64065,1
436,1658224362993841000_31047,1
437,1658213214998004000_3928,8
438,1658213815689713000_80697,1
439,1658280836724204000_12668,1
440,1658141570292986000_27616,1
441,1658128732839034000_71105,1
442,1658137246819974000_13155,2
443,1658140782328681000_8930,1
444,1658140701792698000_70507,3
445,1658144087110052000_22111,8
446,1658117052083966000_70406,1
447,1658209011887341000_31749,1
448,1658118415192607000_86789,1
449,1658217288533817000_77391,1
450,1657885248968710000_40302,1
451,1658224565856223000_68203,1
452,1658191064334195000_92873,1
453,1658114339633912000_67696,1
454,1658204565541759000_49210,1
455,1658222514600607000_20343,1
456,1658202961448451000_41302,1
457,1658288237178762000_94499,1
458,1658212654206735000_31096,1
459,1658216951126366000_19431,1
460,1658127328975121000_87240,8
461,1658225026300852000_84326,1
462,1658141632327902000_52842,1
463,1658142173484988000_33395,1
464,1658193750056427000_47460,1
465,1658210362789481000_35782,1
466,1658134286720960000_71364,14
467,1658133118727202000_69963,2
468,1658117357689853000_33611,1
469,1658141693682041000_67282,1
470,1658286148213067000_34330,1
471,1658109450373782000_7576,1
472,1658141474634892000_79616,1
473,1658124396547562000_50480,1
474,1658291623109634000_80114,1
475,1658222998506557000_30396,5
476,1657880367415079000_51210,2
477,1658211212326310000_10319,1
478,1658221485363136000_63052,1
479,1658196973597225000_2181,25
480,1658209131140081000_15129,1
481,1657880368994201000_15721,2
482,1658222235556693000_78548,2
483,1658282004761820000_17181,1
484,1658196751452794000_32830,1
485,1658210548369443000_2109,1
486,1658141543475239000_82643,4
487,1658193746669329000_28403,4
488,1658202991852777000_61011,5
489,1658185202905022000_45598,1
490,1658140609555457000_48040,1
491,1658140611037608000_39866,1
492,1658134268823888000_62320,1
493,1658141610121332000_46069,30
494,1657878546205757000_24863,1
495,1658146015347811000_10413,6
496,1658140731986742000_74837,12
497,1658123944433609000_35578,1
498,1658225916033722000_42519,1
499,1657882661181879000_10294,1
500,1658209133826278000_64667,2
501,1657883282724192000_44451,1
502,1658221576645430000_12277,5
503,1658228125634386000_35184,1
504,1658111912999520000_52988,1
505,1658226698779639000_35528,1
506,1658121625763490000_90046,1
507,1657878271617710000_3128,18
508,1658142108044818000_17909,8
509,1658279700174101000_27084,1
510,1658122023661758000_99342,1
511,1658212082694309000_52665,1
512,1658141314548808000_5188,4
513,1658145994273248000_98164,2
514,1658122039809726000_14992,1
515,1658141446386790000_59136,1
516,1658228152187186000_89675,1
517,1657881917189911000_38734,1
518,1658122669129703000_83503,1
519,1658141653512606000_93787,3
520,1658116038044719000_14862,1
521,1658227157327178000_56311,1
522,1658185410884811000_7272,1
523,1658141382386059000_18333,1
524,1658185247419998000_51966,1
525,1658128231658333000_80143,1
526,1658142416817775000_99407,2
527,1658142934266861000_54912,1
528,1657882468669308000_13436,3
529,1658226556310060000_3947,1
530,1658109450284812000_58486,1
531,1658143877495456000_4552,1
532,1658139808068839000_73871,1
533,1658205682832557000_88205,2
534,1658128302960392000_48622,1
535,1658195184101723000_53506,3
536,1658288524247383000_53044,2
537,1657883916559217000_17356,1
538,1658144090132784000_39824,1
539,1658185109457148000_42926,1
540,1658135588661401000_9401,24
541,1658140075081152000_65991,1
542,1658141305711350000_10752,1
543,1657885249991029000_79715,16
544,1658117051732968000_1928,2
545,1658206944555586000_45047,1
546,1658133333947246000_26634,1
547,1658228209221173000_3220,4
548,1657880368338339000_12328,1
549,1657880403700390000_84403,1
550,1658141553115789000_28482,1
551,1658281517834602000_68139,1
552,1658140680664793000_94159,3
553,1658204357103306000_13776,1
554,1658211181526118000_32957,1
555,1658140640465208000_46002,1
556,1658224204501564000_39494,1
557,1658225508363523000_48485,1
558,1658133424501574000_64373,3
559,1658123463866336000_39655,7
560,1658133264505893000_78807,1
561,1658141018324262000_74609,1
562,1658141068184551000_7185,21
563,1658291528132695000_74808,4
564,1658123408460103000_43597,1
565,1658281873284326000_32359,1
566,1658146030164699000_76544,10
567,1658228204595109000_19941,2
568,1658215274675571000_65668,1
569,1657878228782138000_28998,4
570,1658215274519143000_99946,1
571,1658111364845635000_65281,1
572,1657880632048638000_68533,12
573,1658140782099841000_77270,1
574,1658128768573761000_95665,13
575,1658291562731335000_70494,2
576,1658122670189848000_70967,1
577,1658203941833110000_84384,1
578,1658226698342152000_25422,1
579,1658141042484406000_14332,2
580,1658141573747290000_13913,40
581,1658212942661875000_11691,7
582,1658269677101535000_58824,1
583,1658145708865013000_49379,7
584,1658122048897000000_12690,8
585,1658195051287811000_34907,2
586,1658227035936799000_19541,1
587,1658109237487708000_14393,21
588,1658144356066154000_70473,2
589,1658141610440422000_79706,1
590,1658121626059658000_22098,1
591,1658117352061913000_63995,1
592,1658117789182659000_49280,2
593,1658125290624953000_27129,2
594,1658141058847802000_29405,1
595,1658141294072075000_27848,1
596,1658288241554184000_28127,4
597,1658111913111707000_58921,1
598,1658227224581406000_75961,1
599,1658129316624957000_27298,2
600,1658143756875191000_46154,1
601,1658139339326542000_40223,1
602,1658120757729320000_8817,1
603,1658142941275133000_16215,4
604,1658194827644129000_51802,1
605,1658278302299880000_45302,1
606,1657880342364983000_79322,2
607,1658140896057747000_22605,1
608,1658123482463223000_89364,1
609,1658286783831501000_81353,1
610,1658122669974675000_12154,1
611,1658140677218105000_79862,1
612,1658113753208265000_68327,23
613,1658142090914093000_63160,1
614,1658121542765682000_13865,1
615,1658196791566059000_78892,1
616,1657881997587233000_57677,3
617,1658203942659693000_32124,1
618,1658288202270219000_27341,5
619,1658128743442207000_66852,1
620,1658217210173884000_15085,1
621,1658139902320859000_93428,1
622,1658142024772501000_58196,1
623,1658109327873203000_83194,26
624,1658145720909749000_71160,1
625,1657878864859407000_84425,10
626,1658227387320084000_85732,8
627,1658122306107952000_86187,1
628,1657883289833717000_88731,1
629,1658193489902319000_48149,1
630,1658227898785239000_5087,1
631,1658288238369193000_58900,1
632,1658280882660074000_2399,1
633,1658142132725034000_95140,7
634,1658128302017960000_82966,1
635,1658227577376574000_52142,9
636,1658210016281577000_77426,1
637,1657878221889772000_47014,2
638,1657878546457864000_45871,1
639,1658197236266722000_21293,13
640,1658146025277606000_62287,3
641,1657878944787865000_40957,1
642,1658196794224372000_93749,21
643,1658185323597760000_81334,1
644,1658127228978327000_68607,1
645,1658185468442896000_61658,1
646,1658141000457424000_47006,1
647,1658228334514983000_47777,1
648,1658142941187767000_48143,1
649,1658224560705183000_73996,1
650,1658120944562177000_63269,1
651,1658209131294549000_5705,1
652,1658141255736441000_77710,1
653,1658193487232600000_70119,1
654,1658111267358237000_67487,1
655,1658228204042615000_4871,1
656,1658129705170377000_96453,1
657,1658223181657123000_75627,2
658,1658211176425522000_42966,1
659,1658122045874291000_76220,2
660,1658185189443553000_18936,1
661,1658141655114846000_61746,6
662,1658120954551873000_9726,1
663,1658228196423599000_63206,1
664,1658133341087897000_6912,1
665,1658203086232066000_12850,1
666,1658218762963983000_57149,1
667,1658141655247524000_35280,1
668,1658125289907964000_2252,1
669,1658143544950225000_95321,1
670,1658141504092248000_25972,1
671,1658210447492615000_57221,1
672,1658210241485231000_24333,1
673,1658134805879214000_18820,2
674,1658126080501886000_22912,1
675,1658134274540655000_75527,1
676,1658226700923063000_98740,1
677,1658211105392853000_26440,1
678,1658133449529775000_94445,1
679,1658133285912357000_71324,3
680,1658141494816279000_49750,5
681,1657881509053213000_20635,1
682,1658121625566477000_46695,1
683,1658281502169231000_27929,1
684,1658217216901852000_31658,1
685,1658185974558327000_80806,1
686,1658143858703883000_56915,1
687,1658224554626862000_23513,8
688,1658207008523282000_36152,1
689,1658196841480237000_52017,21
690,1658141654392604000_43465,2
691,1657878546568725000_58888,6
692,1657878373440429000_30364,1
693,1658281874479681000_42340,1
694,1658143565510678000_97981,1
695,1658204361175427000_21634,2
696,1657882616390782000_70482,1
697,1658128736127849000_14551,17
698,1658209130451894000_83402,1
699,1658222333386764000_21700,4
700,1658288241143946000_65045,2
701,1658113699045333000_40056,5
702,1657879485150335000_42742,2
703,1658110085953950000_68186,1
704,1658143763202680000_70743,1
705,1658280230067230000_10395,1
706,1658212647682745000_66807,8
707,1658141026979047000_88808,3
708,1658122618810340000_82590,1
709,1658227625129280000_90833,1
710,1658112681497836000_40395,17
711,1658122306859076000_27920,1
712,1658193747283187000_77394,1
713,1658142201099427000_48795,9
714,1657881581213220000_32564,1
715,1658127749871819000_43295,1
716,1658140921482994000_69303,1
717,1657885234711989000_52885,1
718,1658278474460357000_70591,1
719,1658140866353551000_1289,7
720,1658122306238427000_16112,2
721,1657881512672067000_22597,1
722,1658129705596114000_5377,1
723,1658141342613571000_70188,19
724,1658227256971509000_35525,6
725,1658122065416260000_82113,1
726,1658133115343597000_80253,1
727,1658141728025190000_40619,1
728,1658289530405638000_43685,1
729,1658204357280876000_93672,11
730,1658129813301150000_56710,1
731,1658141059265221000_84424,1
732,1657881011114483000_9213,1
733,1658133453918836000_58460,1
734,1658282359670872000_3348,2
735,1658140624095135000_62780,2
736,1658212659414343000_55719,1
737,1658141161459050000_90146,15
738,1658114182703460000_43961,3
739,1658215275940437000_74419,4
740,1658113007509519000_46000,2
741,1658291527398913000_71066,1
742,1658113763310660000_99257,1
743,1658223885244850000_67911,1
744,1658118060205897000_37073,2
745,1658140994704558000_57999,2
746,1658140676109682000_85230,1
747,1658211105174128000_13608,1
748,1658215274891938000_97088,1
749,1658281015640788000_478,1
750,1658201500378797000_2577,1
751,1658227624401320000_51003,1
752,1658142172108376000_3724,1
753,1658227055097448000_34955,1
754,1658141014440987000_1498,1
755,1658114161643330000_91710,7
756,1658206988972596000_82284,1
757,1658228126290152000_5109,7
758,1657879487717773000_68685,1
759,1658224932878363000_95606,1
760,1658228204879533000_92295,1
761,1657878205851325000_60326,42
762,1658219105508308000_56348,1
763,1658141877315747000_47402,4
764,1657883015090622000_12713,2
765,1658226175520477000_82461,1
766,1658141593424770000_91941,2
767,1657878801954972000_81845,17
768,1658141036472403000_60446,1
769,1657878903130377000_48376,10
770,1657880380907704000_46179,2
771,1658111913461653000_49818,1
772,1658217500192186000_3666,44
773,1658120954891065000_95520,1
774,1658141586232711000_48739,1
775,1658112492443297000_16641,1
776,1658137429414959000_38460,1
777,1658140892433894000_86867,1
778,1658120780649030000_81600,1
779,1658195052404261000_76340,1
780,1658291665513650000_2751,1
781,1658194042573527000_97354,1
782,1657880760037637000_61995,5
783,1658112480464761000_24795,7
784,1658140821797858000_330,1
785,1658124157832793000_44296,2
786,1658140749749244000_2613,2
787,1658142934754560000_50785,1
788,1658226642155454000_48029,1
789,1657881988029105000_46591,5
790,1658122024994316000_37663,1
791,1658122264897579000_28544,1
792,1658140995829022000_30639,1
793,1658123543143148000_28644,1
794,1657881164177449000_97917,1
795,1658226557403799000_39233,1
796,1658133335410321000_61475,26
797,1658140675902691000_3839,7
798,1658141582863108000_80684,1
799,1658204565314036000_4291,1
800,1657879487804714000_91787,8
801,1657881164480922000_98579,2
802,1658193613543424000_7207,1
803,1658137582185335000_53818,2
804,1658209130589811000_42352,1
805,1658143755337628000_40853,1
806,1658118060072907000_52109,1
807,1658204355674078000_20938,1
808,1658133421965582000_20210,4
809,1658143404470461000_32338,1
810,1658141172773120000_2710,1
811,1658116524904912000_63127,8
812,1657879488484451000_97276,3
813,1658140928155339000_37299,4
814,1658120817361339000_37248,1
815,1658280347403132000_35511,1
816,1658290597443700000_52741,2
817,1658196787164574000_2932,1
818,1658139606327287000_29442,1
819,1658227692598432000_75684,1
820,1658281871300753000_54041,1
821,1657878747242685000_41498,46
822,1657885221917384000_40992,41
823,1657878083783776000_31677,23
824,1658109311257064000_6128,13
825,1658215274329733000_13691,1
826,1658227798376373000_61298,12
827,1658140688080626000_29103,2
828,1658202990909599000_28198,1
829,1658140991878829000_89193,1
830,1658193487118978000_85606,1
831,1658140837179301000_54835,1
832,1658218954113256000_87059,1
833,1658145839623746000_21645,1
834,1658227034841862000_24023,1
835,1658141445835930000_67327,2
836,1658228197207354000_89660,3
837,1658146430632601000_46932,1
838,1658206811298832000_47478,1
839,1658206840579659000_81734,1
840,1658200884879346000_82352,2
841,1658210811083107000_71732,2
842,1658114818304189000_23140,1
843,1658208169999282000_48731,1
844,1658210583143660000_96113,1
845,1658140975844786000_66409,2
846,1658195395748209000_96968,13
847,1658140781697251000_63968,1
848,1658130148191658000_45237,1
849,1658141044723722000_94565,2
850,1658280881220886000_90145,1
851,1658141440823835000_34810,1
852,1658142522225661000_20007,3
853,1658280900223142000_87972,1
854,1658205653103416000_78954,4
855,1658122669338285000_16143,1
856,1658116568758809000_6497,1
857,1657878331565001000_75573,1
858,1658133334144101000_16365,1
859,1658140986743206000_27150,15
860,1658212863013961000_45789,1
861,1658201356006654000_19892,1
862,1658208232273759000_4217,1
863,1658140699755484000_13887,1
864,1657880388520550000_62315,5
865,1658113007958677000_98844,26
866,1658202961615109000_43510,1
867,1658228192570460000_45265,1
868,1657880367962505000_52012,2
869,1658206841432265000_69126,1
870,1658122118896436000_10693,1
871,1658137433882516000_15177,1
872,1658112491940883000_55257,1
873,1658140749136088000_50662,1
874,1658110086658216000_73370,675
875,1658185144599755000_68906,1
876,1658185390341081000_90098,1
877,1658122024094043000_77777,3
878,1658218614675186000_52899,1
879,1658209131501861000_61926,1
880,1658133870922965000_11815,1
881,1658280882078605000_58908,1
882,1658140364005303000_53,1
883,1658114859901036000_86526,1
884,1658145718204265000_95997,3
885,1658215314795313000_51094,1
886,1657880380036091000_91549,3
887,1658217145688610000_32738,1
888,1658140680835230000_50769,42
889,1658122622636419000_75837,1
890,1657878892410078000_32550,1
891,1658128743647642000_53242,1
892,1657882661360400000_41115,1
893,1658196586576193000_13342,1
894,1658203089366630000_86608,1
895,1658213033716753000_45412,1
896,1657882480188087000_72541,1
897,1658202991278144000_95495,1
898,1658193668030563000_64657,1
899,1658193490206621000_50872,1
900,1658280900107314000_89807,1
901,1658141088913446000_64879,6
902,1658141027837422000_27468,2
903,1658109465577000000_65258,1
904,1658133451629748000_40798,2
905,1658208978028123000_64485,1
906,1658192609238091000_69701,1
907,1658140482824984000_94027,1
908,1657881383881548000_60788,1
909,1657881012518441000_63767,1
910,1658115209566384000_21692,1
911,1658196185579322000_60946,5
912,1658140992999568000_27563,1
913,1658145565660364000_29462,1
914,1658193524239650000_11008,1
915,1658204290035898000_70553,1
916,1658141606040411000_34839,14
917,1658141472901782000_2367,1
918,1658209130718158000_88728,1
919,1658133138807786000_27110,1
920,1658193747761756000_57568,1
921,1658287499359644000_48550,6
922,1658123469541526000_4193,1
923,1658133155324927000_92613,1
924,1658141415561482000_87898,1
925,1658143752807553000_70385,1
926,1658124318364013000_85195,1
927,1658123594808416000_96082,1
928,1658269782888876000_82821,1
929,1658214018234856000_40723,1
930,1658142154968761000_11889,3
931,1658211213304940000_38233,1
932,1658137434642246000_17179,6
933,1658205653847221000_45260,2
934,1658112479928868000_65762,1
935,1658140999392370000_97439,2
936,1658140924000048000_23565,14
937,1658228336195641000_25286,4
938,1658121709119460000_77465,1
939,1658141520512581000_56872,1
940,1658223176974118000_53945,6
941,1658141527084152000_61288,1
942,1658106660203487000_37159,1
943,1658115210390821000_78311,1
944,1658133334832050000_87456,1
945,1658140706099195000_90576,1
946,1658185217823691000_22637,1
947,1658217210414175000_56672,1
948,1658221577892513000_97442,1
949,1658128146682629000_69553,1
950,1658224566177951000_69920,1
951,1658221295933297000_3997,1
952,1658133452780844000_11286,1
953,1658228794048809000_68404,4
954,1658286149203052000_81027,1
955,1658143698636033000_64267,29
956,1658141168983763000_48989,2
957,1658280901189803000_88123,1
958,1658210357184318000_57061,1
959,1658115209767244000_82136,1
960,1658141507425867000_89755,3
961,1658142122674294000_32373,8
962,1658123482633990000_15211,1
963,1658146454162885000_57024,1
964,1658227224847875000_33855,1
965,1658142166504014000_64775,2
966,1658140922782890000_99049,1
967,1658223477499515000_7065,3
968,1658114609742858000_60662,2
969,1658228192790226000_70501,1
970,1658123921911490000_76799,2
971,1658109243159808000_72310,1
972,1657880384958613000_74645,1
973,1658114180351355000_91807,1
974,1658209131888671000_21149,2
975,1658123545839623000_73249,1
976,1658227112414922000_38201,1
977,1658227693132079000_76958,1
978,1657878329676012000_80505,2
979,1658288226893750000_70453,1
980,1658206987031443000_89084,1
981,1658205655634753000_44233,2
982,1658218613766743000_73998,2
983,1657881580517171000_5849,2
984,1658141556202804000_15740,2
985,1658128358654248000_40509,1
986,1658224565295941000_10272,1
987,1658141509450932000_68597,2
988,1657880638680409000_39797,1
989,1657879485394710000_43373,1
990,1658113717748548000_31351,4
991,1658208411537737000_69682,1
992,1658142054956358000_89892,5
993,1658227226529886000_65464,10
994,1658135166224841000_39436,1
995,1658143569997005000_82375,5
996,1657882474264030000_47880,3
997,1658133128678502000_25900,1
998,1658227624218540000_55362,1
999,1658144358229686000_75088,2
1000,1658112977011509000_26134,6
1001,1658133128458847000_61804,1
1002,1658140988852215000_86087,7
1003,1658146021563570000_57036,1
1004,1658129706852801000_35745,1
1005,1658203944194525000_10646,1
1006,1658211410408391000_33657,1
1007,1658213909748299000_18811,1
1008,1658223190267288000_64891,1
1009,1658196973433959000_58086,1
1010,1658111035227032000_70185,1
1011,1658228129050368000_7512,1
1012,1658141444982842000_82865,1
1013,1658140805032940000_47455,1
1014,1657880381097765000_72294,24
1015,1658109365526731000_37454,38
1016,1657882645294973000_27506,1
1017,1658133402309263000_28860,5
1018,1658122022345270000_93302,4
1019,1658222239823078000_46523,1
1020,1658188356313308000_81400,1
1021,1658141524087428000_75571,6
1022,1657880349919186000_73957,1
1023,1658129707284511000_71681,1
1024,1658137790945482000_61387,1
1025,1658196470441473000_96210,2
1026,1657881916185884000_17936,1
1027,1658206365152491000_18818,1
1028,1658128739770394000_8869,14
1029,1658112510560902000_54940,5
1030,1658286148414804000_39262,1
1031,1658140951779199000_14737,8
1032,1657878959134285000_24988,16
1033,1658226638949090000_74657,1
1034,1658198074785427000_7133,4
1035,1658141087466625000_11988,1
1036,1658218238683605000_33766,1
1037,1658141983879633000_28725,6
1038,1658141587352306000_18215,10
1039,1658290039697668000_11558,1
1040,1658193778928169000_18795,38
1041,1658134257372949000_13622,1
1042,1658118060731149000_91643,1
1043,1658122266032412000_93033,1
1044,1658143684064685000_58903,4
1045,1658224145059907000_6277,3
1046,1657880342093777000_72874,2
1047,1658133128046244000_91390,1
1048,1658227797881134000_88142,1
1049,1657879486812856000_93701,1
1050,1658287973828958000_91951,2
1051,1658227056196593000_6916,6
1052,1658211409935084000_62154,2
1053,1658210364471248000_50236,1
1054,1658205360684705000_65468,1
1055,1658228851043522000_62909,1
1056,1658140782606480000_58659,1
1057,1658227036497198000_69271,30
1058,1658215223678502000_85619,1
1059,1658128303574994000_59858,2
1060,1658210238402163000_49389,3
1061,1658117698405457000_30684,1
1062,1658141586443146000_86985,1
1063,1658287974227857000_52713,1
1064,1658220142624454000_57476,1
1065,1658196524500281000_13319,4
1066,1658141967630750000_86102,2
1067,1658288436361237000_3505,2
1068,1657878778697944000_90409,10
1069,1658144353895426000_74343,1
1070,1658133334262259000_51800,1
1071,1658134805099989000_6704,1
1072,1658141511763829000_57188,58
1073,1658114182152930000_73903,3
1074,1658143859682173000_60482,2
1075,1658195052644178000_93822,1
1076,1658208805030757000_29263,1
1077,1657878834645047000_91072,1
1078,1658207236234970000_56884,1
1079,1658207236462015000_82604,2
1080,1658142427285498000_59631,1
1081,1658133132331202000_4671,3
1082,1657885239983149000_44807,3
1083,1658123597061470000_92464,2
1084,1658223173467591000_77684,1
1085,1658129327839305000_30339,1
1086,1658141442752167000_4394,1
1087,1658196518932078000_7942,13
1088,1658133334495983000_63718,1
1089,1658227891795761000_38845,10
1090,1658285032643196000_93384,1
1091,1658116569028121000_70369,1
1092,1658109419387658000_49076,3
1093,1658143767396236000_63214,1
1094,1658227798278776000_16637,1
1095,1658224564719249000_70970,1
1096,1658122621981907000_48802,1
1097,1658142091471410000_49745,2
1098,1658205593538052000_50765,1
1099,1658227693418362000_30817,1
1100,1658134805731481000_1493,1
1101,1658133447918580000_13188,1
1102,1658226558259887000_45211,1
1103,1658227893613957000_22876,1
1104,1658140993180456000_74795,2
1105,1658142417380354000_649,1
1106,1658113714884621000_49296,1
1107,1657878963965585000_86355,7
1108,1657880406738696000_42114,28
1109,1658132584919429000_19004,1
1110,1658288239582954000_44052,1
1111,1658143247405330000_61802,2
1112,1658141645452888000_28389,1
1113,1658203091298763000_94475,1
1114,1658224080027857000_14037,1
1115,1658281592786850000_10247,1
1116,1658114112358906000_26323,9
1117,1658202965236556000_84060,1
1118,1657878654072919000_85170,6
1119,1658210128114277000_28766,3
1120,1658217289001185000_3092,5
1121,1658217323005877000_16226,1
1122,1658212761628560000_19639,16
1123,1658221884745809000_83620,3
1124,1658127512260010000_22893,10
1125,1658204364606299000_8105,1
1126,1658141737771663000_19092,1
1127,1658142245403879000_69065,1
1128,1658140821541559000_13454,2
1129,1658141973282424000_59101,2
1130,1658109375320338000_32017,27
1131,1658141652649368000_99412,6
1132,1658114297716083000_10208,1
1133,1658209132505077000_5598,1
1134,1658134805289757000_68049,1
1135,1658141168798153000_75212,1
1136,1658282972949340000_2915,2
1137,1658227157846817000_39699,1
1138,1658143718202093000_11726,6
1139,1658115849639503000_2166,1
1140,1658201070757907000_31934,1
1141,1658208579798560000_74712,1
1142,1658226701991388000_59794,1
1143,1658141511233280000_43044,2
1144,1658227225301902000_32146,7
1145,1658186255547095000_75408,1
1146,1658134740213582000_16385,1
1147,1658133067414471000_8707,1
1148,1658208580009849000_98157,1
1149,1657880385130861000_93137,35
1150,1658122065812875000_24468,1
1151,1657885238721941000_60577,44
1152,1658289197825287000_37198,1
1153,1658195407666727000_13587,16
1154,1658112511094697000_54215,96
1155,1658141585617587000_41998,1
1156,1658227233781142000_40959,1
1157,1658128144842810000_82583,1
1158,1657880367746244000_51324,3
1159,1658137810604813000_42918,1
1160,1658145565126843000_53374,3
1161,1658109454839568000_60230,4
1162,1658140849272812000_38389,52
1163,1657879741255066000_84889,1
1164,1658194607506637000_29910,2
1165,1658140867745332000_20398,2
1166,1657878895102935000_4120,17
1167,1658222515260916000_97098,1
1168,1658139860909243000_92500,1
1169,1658114126435504000_89581,32
1170,1658140994487420000_55224,3
1171,1658143568792330000_78053,1
1172,1658201548809514000_3301,3
1173,1658137556832485000_87860,1
1174,1658142021949094000_5568,5
1175,1658185418768188000_99077,1
1176,1658185467382346000_66508,1
1177,1658281579119166000_1728,23
1178,1658109363844741000_37463,1
1179,1658129705416164000_23289,1
1180,1658141172055418000_74389,3
1181,1658117357890788000_35844,1
1182,1658209449412053000_11645,1
1183,1658224566027030000_20352,1
1184,1658221578249981000_95257,2
1185,1658128766070752000_46405,1
1186,1658209135583627000_15831,5
1187,1658185401536107000_81528,1
1188,1657881164338092000_99922,1
1189,1658228852193711000_90765,1
1190,1657880341651905000_74742,2
1191,1658212654510345000_62745,5
1192,1658115850001710000_49726,3
1193,1658288237876453000_40224,2
1194,1658288243253419000_82733,5
1195,1658145461113225000_67504,1
1196,1657880342714952000_80562,24
1197,1658203935770241000_58935,1
1198,1658214799948728000_88417,1
1199,1658193267200447000_32715,1
1200,1657880342010382000_77124,1
1201,1658142890838344000_22319,3
1202,1658143762512295000_30548,3
1203,1658193747918322000_98393,1
1204,1657883916308059000_80901,1
1205,1658139433068458000_93726,1
1206,1658115400882678000_92866,17
1207,1658143864030015000_35793,1
1208,1658139338735159000_13032,4
1209,1658141098239596000_61078,1
1210,1658141589636967000_80,9
1211,1658141046987801000_95922,14
1212,1658134257795856000_53809,1
1213,1658137250484011000_40846,1
1214,1658143752340134000_34229,1
1215,1658112991830905000_31197,27
1216,1658123470611482000_231,1
1217,1658128302330805000_36362,1
1218,1658141808269868000_29681,4
1219,1658203946049784000_72157,2
1220,1658122307070024000_34736,1
1221,1658228151757592000_47143,3
1222,1658197184076173000_87661,33
1223,1658141152184646000_71010,12
1224,1657878967927277000_22035,1
1225,1658141438041899000_9729,2
1226,1658115211319098000_25624,2
1227,1658142526238740000_88084,1
1228,1657878985940687000_61602,1
1229,1658143719121868000_60203,1
1230,1658134805476893000_14814,1
1231,1658225018622756000_64110,1
1232,1658210363002479000_42145,1
1233,1658125292406041000_92844,1
1234,1658202098326403000_24036,1
1235,1658203942265744000_43320,1
1236,1658109338369665000_78414,18
1237,1658115336845544000_83847,1
1238,1658224565137223000_39429,1
1239,1658129317293524000_80493,28
1240,1657881165522579000_73928,1
1241,1657878229154069000_63532,32
1242,1658146435206422000_63003,2
1243,1658137248166445000_8563,1
1244,1657878183200675000_13115,5
1245,1658141802915120000_1708,2
1246,1658140923713888000_57857,1
1247,1658140857792176000_27500,65
1248,1658191687956815000_80230,1
1249,1658143754367160000_92883,6
1250,1658205782532698000_49401,1
1251,1658224169707593000_47547,1
1252,1657879741095964000_84884,1
1253,1658215689503458000_95204,4
1254,1658206363843990000_62411,1
1255,1658115334405079000_70003,2
1256,1658210015974700000_34823,1
1257,1658117111689145000_30154,1
1258,1658287502366830000_1579,6
1259,1658210361370284000_95425,2
1260,1658140701407881000_3533,43
1261,1658217075908898000_46610,1
1262,1658142118671382000_91115,2
1263,1658185375616888000_75790,1
1264,1658226541528590000_59282,2
1265,1658196332962177000_45145,1
1266,1658196830852330000_16510,7
1267,1658207057294724000_55812,1
1268,1658225157003501000_74439,1
1269,1658141027727556000_68464,1
1270,1658209015161786000_6118,1
1271,1658193523822427000_76693,1
1272,1657880025755180000_67050,1
1273,1658287176432590000_3375,1
1274,1658209130974486000_24,1
1275,1658143761836937000_97871,2
1276,1658109455253762000_11964,1
1277,1658122023310571000_29232,1
1278,1658210363547614000_66847,1
1279,1658140513826919000_30749,1
1280,1658196498686075000_662,6
1281,1658141587149024000_21487,1
1282,1658211177728192000_85956,13
1283,1658141557488124000_30163,1
1284,1658133400656364000_34886,2
1285,1658212129182916000_34213,1
1286,1658134472131507000_65000,1
1287,1658146426059442000_79087,1
1288,1658123876645453000_42720,1
1289,1658291015826688000_26597,1
1290,1658142488719218000_50271,2
1291,1658195584913915000_84963,7
1292,1658186035303729000_58136,1
1293,1658114849553164000_42303,1
1294,1658228151326128000_85018,1
1295,1658269694466212000_40996,1
1296,1658124254185559000_44533,2
1297,1657881497793932000_29078,2
1298,1658212863272957000_51476,1
1299,1658196325932222000_52821,7
1300,1658185309648847000_80966,1
1301,1658142659379907000_31267,2
1302,1657878707841228000_85940,2
1303,1658221883916935000_70754,1
1304,1658196791694238000_97727,9
1305,1658226542017665000_73367,23
1306,1658290039497599000_8391,1
1307,1658140660413183000_55779,1
1308,1658209522057413000_30959,3
1309,1658141088489504000_3473,1
1310,1658141728978388000_76442,2
1311,1658114183106254000_38585,2
1312,1658217187941963000_77161,2
1313,1658137438812232000_63827,1
1314,1658198163458754000_86195,1
1315,1658209015286440000_41807,1
1316,1658141059784031000_79525,1
1317,1658113581224153000_3906,1
1318,1658280030892488000_2539,1
1319,1657878892635435000_65825,2
1320,1658206907013981000_48878,2
1321,1658226176439554000_21131,2
1322,1658114810039883000_34491,8
1323,1658286223729598000_12294,1
1324,1657878269868983000_42744,14
1325,1657878089522712000_41835,1
1326,1658118060909164000_92527,3
1327,1658141000996966000_11970,2
1328,1658194880178583000_49541,1
1329,1658282225693373000_10972,1
1330,1658115399810883000_58583,1
1331,1658141398457533000_18965,2
1332,1658126080107506000_986,1
1333,1658217222371767000_97291,344
1334,1658224554340090000_83934,2
1335,1657878079162946000_84330,17
1336,1658210362539647000_49080,1
1337,1658215275810927000_36718,1
1338,1658141053284305000_55437,1
1339,1658135165203800000_19295,1
1340,1658140883462327000_68490,2
1341,1658215274143982000_69684,1
1342,1658139814029431000_14950,1
1343,1658196790226463000_25606,1
1344,1658123469392180000_5843,1
1345,1658141555214826000_93847,6
1346,1658141529633117000_28403,81
1347,1658145266474121000_97608,4
1348,1658278720163066000_28888,7
1349,1658140991345611000_71680,1
1350,1658217210854616000_46239,10
1351,1658228829844244000_30397,8
1352,1658109864011736000_18596,6
1353,1658141051594428000_38263,1
1354,1657882460259051000_70304,5
1355,1658146047533372000_80454,1
1356,1658140988018137000_43432,3
1357,1658123944217929000_42342,1
1358,1658140700054176000_73077,5
1359,1658121538552853000_25,14
1360,1658142485520033000_45836,1
1361,1657880395423209000_18767,2
1362,1658281663976257000_56422,1
1363,1658185228164544000_77969,1
1364,1658228125290349000_40136,2
1365,1658287519060286000_24382,2
1366,1658134291801715000_6318,1
1367,1658218615061673000_59465,3
1368,1658210547839075000_17232,1
1369,1658225507434070000_8453,1
1370,1658123921238398000_15225,1
1371,1658193758015439000_76916,1
1372,1658124379397269000_51419,1
1373,1658215270119376000_91272,14
1374,1658193750425412000_27656,24
1375,1658111903321461000_83055,4
1376,1658141545838325000_98982,1
1377,1658202037384557000_94395,1
1378,1658288095502942000_57595,1
1379,1658140879944301000_90049,2
1380,1657878963247223000_46650,6
1381,1658112844499416000_61064,18
1382,1658134291286051000_32528,3
1383,1657880350275429000_29661,1
1384,1658140690392987000_23172,2
1385,1657878958388734000_28250,2
1386,1658140992430360000_10360,1
1387,1658110065523821000_37265,206
1388,1657878542678897000_64767,1
1389,1658196880687039000_4664,3
1390,1658226699196320000_49516,3
1391,1658282225150674000_44506,1
1392,1658196329252019000_97078,1
1393,1658141257125890000_94791,1
1394,1658122305612852000_92160,1
1395,1658122119104570000_97621,1
1396,1658217217141588000_78325,1
1397,1658146024305853000_64633,1
1398,1658212767139564000_92194,1
1399,1658227624537636000_55410,1
1400,1658140835282307000_46055,1
1401,1658227693418336000_98873,2
1402,1658222518987614000_27469,1
1403,1658228191706782000_697,1
1404,1658228821784379000_4736,1
1405,1658141511575702000_108,1
1406,1658141515225876000_90309,1
1407,1658133452780660000_86295,2
1408,1658139538903476000_54324,1
1409,1658146449815163000_86345,22
1410,1658141474888860000_37328,8
1411,1658208465451513000_40138,1
1412,1658143864342198000_90221,1
1413,1658226557801375000_98144,2
1414,1658142882716087000_90636,3
1415,1658140610154135000_63800,1
1416,1658123468922583000_48386,1
1417,1658122042471811000_12698,1
1418,1657879489136196000_63110,1
1419,1658287974606222000_4746,1
1420,1658133453134780000_35995,1
1421,1658128733574454000_79442,6
1422,1657880761113633000_67838,1
1423,1658133450229855000_41923,4
1424,1658222515471455000_41396,1
1425,1658281504395945000_91397,1
1426,1658145788323968000_58332,1
1427,1658291528053341000_95692,1
1428,1658228831859931000_75919,2
1429,1658287501738247000_15312,2
1430,1658141971425466000_83052,3
1431,1658193333766556000_44084,1
1432,1658218618444119000_53948,1
1433,1658209134714392000_54235,1
1434,1658212014330233000_14890,1
1435,1658141229732093000_20790,13
1436,1658226701106173000_9473,1
1437,1658228193168016000_63529,1
1438,1658141520363647000_56393,1
1439,1658202961235075000_57440,1
1440,1658141312414197000_23775,4
1441,1658216173032434000_68621,3
1442,1658123397577468000_85060,1
1443,1658203090021177000_77573,2
1444,1658123398705290000_59180,1
1445,1658212659629416000_9093,11
1446,1658215277254793000_97737,1
1447,1658227692873781000_36325,1
1448,1658280890143211000_31425,1
1449,1658208024758433000_62192,2
1450,1658141466953778000_54869,11
1451,1658218617113813000_87264,1
1452,1658123469979049000_60238,1
1453,1658286791928674000_41792,1
1454,1658114816497659000_51490,1
1455,1658196840019712000_12244,4
1456,1658209010787089000_49201,1
1457,1657881009890890000_32956,4
1458,1658111913222150000_59652,1
1459,1657880631792037000_41874,1
1460,1658202107362802000_72471,37
1461,1658228832263136000_99715,24
1462,1658289190261819000_82110,1
1463,1657882610094813000_60733,1
1464,1657885232116146000_93633,2
1465,1658111318471305000_93982,2
1466,1658224565564299000_4146,1
1467,1658279696910975000_61428,1
1468,1658206995861694000_98872,2
1469,1658129705811580000_90214,2
1470,1658288240570824000_63184,4
1471,1658143761174557000_92928,1
1472,1658217323247214000_59980,1
1473,1658141605566255000_30051,3
1474,1658108542244751000_42176,3
1475,1658221884090461000_65712,2
1476,1658227692062975000_28255,1
1477,1658219019133036000_7822,3
1478,1658202961750917000_27435,1
1479,1658137430009486000_15775,2
1480,1658122048716429000_81300,1
1481,1658137790804535000_73894,1
1482,1657880635252224000_52135,1
1483,1657877873373653000_86789,11
1484,1658113007673470000_45537,2
1485,1658137811700663000_76247,4
1486,1657878794418411000_86486,3
1487,1658114181605252000_29873,2
1488,1658141026732161000_59825,1
1489,1658108538393779000_19435,16
1490,1658140921957125000_37343,5
1491,1658141571013611000_5025,16
1492,1658217112875134000_55735,1
1493,1658282290290233000_76040,1
1494,1658117358921622000_16758,4
1495,1658223190965759000_53982,6
1496,1658142944509111000_72111,1
1497,1658288096146970000_75959,1
1498,1658134740634420000_26,1
1499,1658123876201072000_25240,1
1500,1658206363984180000_57660,1
1501,1657878224908555000_34880,5
1502,1658115087638043000_16406,1
1503,1658211105560719000_23368,2
1504,1658137438589603000_57271,1
1505,1658195263336925000_70734,9
1506,1658142117788016000_84094,1
1507,1658189680689102000_30651,1
1508,1658218616490857000_18144,2
1509,1658282003662195000_39880,2
1510,1658185445482882000_26087,1
1511,1658228192993489000_20472,1
1512,1658226558440104000_99610,1
1513,1658226700300996000_51490,2
1514,1658282505625232000_64123,37
1515,1658141257283412000_88504,1
1516,1658141339745042000_1891,6
1517,1658215335464899000_61543,1
1518,1658288250619138000_46708,3
1519,1658286792035081000_3887,2
1520,1658128435502288000_63646,1
1521,1658286369765602000_20023,1
1522,1658117384206566000_58495,1
1523,1658287974778023000_50720,2
1524,1658146480858643000_36220,1
1525,1658288223436537000_4860,13
1526,1658141286430308000_35001,1
1527,1658226641495086000_49173,1
1528,1657878941986631000_20098,1
1529,1658142135103491000_19338,3
1530,1658269715760983000_62910,1
1531,1658281290116420000_12133,1
1532,1658141593589011000_42340,1
1533,1658286785076208000_24299,19
1534,1658203941955221000_4488,2
1535,1657878794733412000_43485,2
1536,1658215224234439000_75824,3
1537,1657878372985492000_29939,2
1538,1658140698063608000_79855,5
1539,1658122053105916000_85798,2
1540,1658137173817449000_58094,1
1541,1658143189775281000_18263,2
1542,1658141577588639000_990,1
1543,1658140835758043000_34268,13
1544,1658141043875419000_18869,2
1545,1658221484696690000_44820,1
1546,1658288223270701000_1595,1
1547,1658203091061445000_36311,1
1548,1658122264651277000_98459,1
1549,1658146040950123000_22709,3
1550,1658124377151360000_13441,1
1551,1658289454672970000_6557,1
1552,1658143249080060000_10169,5
1553,1658133421624071000_13844,1
1554,1658144354116052000_4805,2
1555,1658134268594322000_92401,1
1556,1658280899927791000_80925,1
1557,1658280880733754000_13065,1
1558,1658286148006141000_44275,1
1559,1658114339341141000_13595,2
1560,1657880392885341000_71433,1
1561,1658193749911851000_50797,1
1562,1658137707021372000_94773,1
1563,1658224177347355000_94972,1
1564,1658193486972804000_13266,1
1565,1658141362707461000_19507,12
1566,1658202292112103000_53811,1
1567,1658228821941272000_98979,2
1568,1658141866962234000_27375,5
1569,1657878257310288000_76785,1
1570,1658146000842965000_12681,1
1571,1658194879992839000_11677,1
1572,1658140669755562000_65744,1
1573,1657878892494346000_56349,1
1574,1657880419118488000_10438,4
1575,1658133448445379000_35132,1
1576,1658121709538858000_39807,3
1577,1657882014478993000_49509,1
1578,1658145169199356000_40664,1
1579,1658282361328439000_1490,5
1580,1658214803413367000_83622,1
1581,1658116568611853000_23709,1
1582,1658134270962340000_63524,1
1583,1658141588011694000_85083,2
1584,1658112489844004000_41639,13
1585,1658193750178508000_57233,1
1586,1658205782113547000_20994,1
1587,1657881173465122000_32727,2
1588,1657878892559787000_62871,1
1589,1658115209948345000_30137,1
1590,1657880430546029000_41400,14
1591,1658112412420756000_43463,19
1592,1658141699221612000_9028,2
1593,1658281112177703000_24820,1
1594,1658113673990495000_26308,23
1595,1657882636587040000_55627,1
1596,1658129706203085000_61465,3
1597,1658288247259027000_36789,25
1598,1658278716759252000_37842,3
1599,1658127482553248000_77459,1
1600,1657878958650865000_71375,1
1601,1657885209120908000_33886,1
1602,1658122307325211000_30361,6
1603,1658142172480379000_66891,1
1604,1658227052955101000_55448,3
1605,1658196841146633000_83758,1
1606,1658127230100381000_38031,1
1607,1658143566601590000_75528,5
1608,1658281870812121000_82422,2
1609,1658115400467833000_69510,1
1610,1658291665126348000_33946,1
1611,1658142427658710000_95037,1
1612,1658196198463700000_72964,57
1613,1658226698547263000_87953,1
1614,1658227035325845000_17611,1
1615,1658208462061734000_10871,1
1616,1657878372666995000_32908,2
1617,1658210968353858000_98668,3
1618,1658280880973974000_34857,1
1619,1658114174558342000_93066,1
1620,1658281414897169000_62234,21
1621,1658227625840729000_16557,1
1622,1658210361052623000_47242,1
1623,1658212650117396000_99117,1
1624,1658140883929834000_77329,1
1625,1658146426203651000_72944,1
1626,1658111315989081000_44042,2
1627,1658222334430528000_76680,1
1628,1657879486537780000_87865,2
1629,1658212644189306000_40438,14
1630,1658141059093662000_86131,1
1631,1658141608720373000_25310,2
1632,1658127494940818000_72466,21
1633,1658227259714959000_12157,4
1634,1658224483801873000_82091,1
1635,1658281596514215000_49953,53
1636,1658218742468813000_36755,1
1637,1657880410470571000_26604,1
1638,1658141728496066000_14895,1
1639,1658279696478919000_46658,1
1640,1658185407424862000_36466,1
1641,1658114123053893000_29140,2
1642,1658206913317282000_77270,2
1643,1658202962077464000_43299,1
1644,1658227155928081000_77970,2
1645,1658135603420335000_46609,14
1646,1658218955408654000_25113,1
1647,1658122689379921000_88960,3
1648,1658127322081015000_90390,11
1649,1658282292336093000_78845,1
1650,1657880633933672000_65619,6
1651,1658143744962686000_39193,1
1652,1658224566375212000_81963,1
1653,1658143753698899000_90173,4
1654,1658213543652952000_83826,1
1655,1658288237316544000_80052,1
1656,1658203089896003000_1854,1
1657,1658218615988274000_87733,1
1658,1658121791067331000_46608,1
1659,1658120818784715000_20635,2
1660,1658133285560120000_14953,2
1661,1658138730972417000_811,1
1662,1657878255769241000_46508,4
1663,1658125423358950000_42913,1
1664,1658282688495650000_12697,1
1665,1658142026175685000_44953,5
1666,1658196380246920000_39056,99
1667,1658142051221114000_92194,2
1668,1658203941328155000_74457,2
1669,1658204363632868000_97905,1
1670,1658203944391579000_27283,1
1671,1658142659125739000_27054,2
1672,1658206909365147000_83055,12
1673,1658227692459809000_37044,1
1674,1658116453053632000_69457,1
1675,1658109465915424000_41365,1
1676,1658194879876186000_33611,1
1677,1657882014811128000_52833,14
1678,1658198120142968000_13904,1
1679,1658217195504974000_92040,1
1680,1657878706428440000_79385,6
1681,1657879680754504000_7045,1
1682,1658138731410348000_15556,1
1683,1658201496696507000_90746,1
1684,1658215266919271000_93861,10
1685,1658113706825738000_16134,19
1686,1658288194067916000_15609,4
1687,1658123541884985000_7107,1
1688,1658185871606164000_15910,1
1689,1658117380359781000_76282,12
1690,1658194827508018000_70096,1
1691,1658185406385321000_96292,1
1692,1658286791487202000_49342,1
1693,1658217196408099000_16490,1
1694,1658281289488013000_97617,1
1695,1658282310877033000_98793,1
1696,1658193487758447000_85995,3
1697,1658137791331364000_3808,1
1698,1658287974395922000_64171,1
1699,1658140926629156000_96816,1
1700,1657880340995644000_29053,4
1701,1657880413238832000_97478,1
1702,1658145564158347000_92526,1
1703,1658224556154975000_2480,2
1704,1658115400037431000_12430,1
1705,1658202964589254000_78412,1
1706,1658217382752180000_88775,1
1707,1658143247575101000_84546,1
1708,1658111968890925000_28610,1
1709,1658278302108063000_74544,1
1710,1657878557366131000_51298,1
1711,1658197165275498000_24583,37
1712,1658227159897160000_58622,3
1713,1658291527942562000_9576,1
1714,1658226697501831000_81798,1
1715,1658227655234598000_46424,1
1716,1658290929268626000_96490,1
1717,1658281664131634000_26674,1
1718,1657878089695860000_53981,34
1719,1658227157186269000_71105,1
1720,1658123476013245000_41515,5
1721,1658227585165583000_49152,3
1722,1658288208159592000_89123,2
1723,1657879485486831000_46655,13
1724,1658141704420252000_85113,8
1725,1658143714323112000_73493,9
1726,1658216699479714000_37774,33
1727,1658126085275193000_42525,1
1728,1657878575128261000_12669,1
1729,1658217322652511000_64478,1
1730,1658122266402722000_69116,1
1731,1658121542560440000_7253,1
1732,1658124655455597000_10244,1
1733,1658281088866759000_53094,1
1734,1658291528765060000_3220,1
1735,1658227035720652000_43483,1
1736,1658121537436311000_6175,1
1737,1658139865377310000_86924,1
1738,1658123795798345000_43314,1
1739,1658128759508831000_2488,16
1740,1658118061514607000_73431,3
1741,1658208359782505000_39983,1
1742,1658221578960156000_28814,1
1743,1658218955515666000_89321,8
1744,1658208023485270000_5520,1
1745,1658141042792199000_16683,5
1746,1658286237869146000_19158,1
1747,1658113647176287000_65952,21
1748,1658205652748794000_46756,2
1749,1658116453298167000_10451,1
1750,1658140636890383000_5649,1
1751,1658142171518021000_39406,1
1752,1658125292575909000_6491,1
1753,1658142172231581000_51176,1
1754,1658224933120337000_93895,1
1755,1658113565702006000_84203,14
1756,1658218614336908000_29852,1
1757,1658218740685449000_26002,5
1758,1658133340471180000_52479,1
1759,1658227626790896000_22111,1
1760,1658133129125653000_42854,1
1761,1657882636736098000_8132,22
1762,1658141605352591000_83568,1
1763,1658122669580320000_32601,1
1764,1658193667244894000_21149,1
1765,1657878931116088000_60513,1
1766,1658140694116914000_33462,1
1767,1658141349253068000_19182,1
1768,1658141830106308000_58417,2
1769,1658214903033818000_79467,1
1770,1658215221962715000_3017,9
1771,1658141625365243000_6782,1
1772,1658134472320458000_64613,7
1773,1658135610209490000_92927,1
1774,1658225507198160000_76560,1
1775,1658280231779389000_67314,2
1776,1658141593977328000_65463,21
1777,1658222514396136000_88413,1
1778,1657878983111997000_8203,1
1779,1658114654515850000_51186,1
1780,1658228204191282000_97800,3
1781,1658140804774154000_53849,1
1782,1658282004206511000_43289,1
1783,1658226703296771000_24224,11
1784,1657882615192682000_65871,1
1785,1658186574268488000_59783,1
1786,1658146024819664000_22680,1
1787,1658111971432856000_6171,2
1788,1658140991757576000_13197,1
1789,1658208227311231000_47955,11
1790,1658138867389760000_38861,1
1791,1658137790600548000_55117,1
1792,1658202255491967000_52302,1
1793,1658140928742185000_12613,1
1794,1658228822215247000_17365,6
1795,1657882618380066000_80499,1
1796,1657882475439966000_12038,5
1797,1658109450660768000_94084,2
1798,1658141228278557000_34289,2
1799,1658209053538732000_65680,1
1800,1658227161126149000_62849,1
1801,1658281871508222000_14144,1
1802,1658141622772980000_80162,3
1803,1658224089512842000_70981,5
1804,1658134643196376000_61525,1
1805,1658193490596366000_78995,1
1806,1658224643688926000_65555,1
1807,1658187123922841000_83369,1
1808,1658185300961348000_35851,1
1809,1657883995013632000_75666,1
1810,1658193778791183000_83112,10
1811,1658196144345685000_38999,1
1812,1658137338379277000_84206,1
1813,1658123409275400000_95313,3
1814,1658123461670033000_50500,1
1815,1658129328728819000_59829,5
1816,1658287501239151000_18996,1
1817,1658126080303710000_84145,1
1818,1658113704961254000_69027,2
1819,1658141438724952000_99063,9
1820,1658218739764411000_11896,1
1821,1658227625683060000_84753,2
1822,1658227572616070000_5087,3
1823,1658140693457287000_23255,19
1824,1658282004884394000_83719,1
1825,1658143773237758000_77841,3
1826,1658212641695488000_45095,11
1827,1658122669789176000_83302,1
1828,1658137811483025000_17971,1
1829,1658146026983516000_72364,2
1830,1658208461226397000_154,1
1831,1658281011105717000_8169,3
1832,1658141052879634000_60502,2
1833,1658134643438955000_91950,2
1834,1658218619212546000_82787,2
1835,1658140980061277000_11002,47
1836,1657882661501122000_43154,1
1837,1658288203391415000_2971,3
1838,1658288441815999000_90892,1
1839,1658288812716122000_39410,1
1840,1658122623534386000_92697,1
1841,1658144089393173000_63725,5
1842,1658222518599573000_85125,1
1843,1658133279043212000_92863,2
1844,1658133262495873000_35604,1
1845,1658118727654513000_74433,1
1846,1658193487644164000_43373,1
1847,1657885246733300000_6080,2
1848,1657878216916670000_591,1
1849,1658209131721189000_19065,1
1850,1657880398920141000_22445,1
1851,1658205680563269000_77278,3
1852,1658204802751251000_72267,1
1853,1658205593695291000_27182,1
1854,1658277568519672000_74792,1
1855,1658113759491958000_55611,20
1856,1658227899203694000_6801,1
1857,1658202101079312000_98238,1
1858,1658145459492585000_73839,1
1859,1657880384294445000_53490,2
1860,1658141341729516000_66285,2
1861,1658134741407503000_70907,11
1862,1658139423813459000_80942,2
1863,1658286272321061000_65010,1
1864,1658111911032492000_62871,1
1865,1657881509386241000_67500,3
1866,1657879259765809000_72977,3
1867,1657879486909417000_74077,1
1868,1658136203736076000_23779,1
1869,1658140766870341000_154,1
1870,1658111128655145000_75894,27
1871,1658210310628809000_39989,1
1872,1658286784446453000_93344,3
1873,1658141696957488000_76201,1
1874,1658127753830364000_86970,2
1875,1658186039149093000_96839,1
1876,1658140895127677000_71494,1
1877,1658193489418298000_24990,3
1878,1658218953562470000_32799,1
1879,1657880403518949000_26589,1
1880,1658116588188889000_49757,1
1881,1658210016151454000_14128,1
1882,1658141015520474000_71398,2
1883,1658212994856869000_70693,1
1884,1658140483111899000_8380,1
1885,1658141577840640000_1004,1
1886,1658114520034079000_22036,1
1887,1658146100714178000_53007,1
1888,1657883475962805000_21568,1
1889,1658116563413868000_56703,10
1890,1658122038713186000_65787,5
1891,1658137432052198000_72379,1
1892,1658122639761929000_71109,1
1893,1658109448927076000_67278,4
1894,1658207196561059000_20083,1
1895,1658228335256002000_93152,1
1896,1658141159970359000_41405,3
1897,1658194039115327000_10634,1
1898,1658123410479985000_62681,1
1899,1658122023494032000_22444,1
1900,1658122308806689000_94436,1
1901,1657878168930250000_82557,15
1902,1658226558638093000_92502,1
1903,1658227225168708000_16032,1
1904,1658128725300552000_27434,27
1905,1658203944581264000_35413,2
1906,1658212650550037000_63640,1
1907,1658202292768851000_2315,1
1908,1658112480073486000_88132,1
1909,1658185847226177000_85204,1
1910,1657883290025039000_7745,1
1911,1658134271357398000_44891,1
1912,1658204356090757000_72046,3
1913,1658140995077303000_7096,3
1914,1658141229178562000_53354,2
1915,1658217336565084000_63867,4
1916,1658279695693692000_63868,2
1917,1658141729685981000_54399,1
1918,1657881164756128000_15366,1
1919,1658209136685354000_46207,2
1920,1658141809853194000_86563,3
1921,1658140904606990000_15234,2
1922,1658137791743755000_80688,1
1923,1658118059775584000_8420,1
1924,1658141001767704000_81310,1
1925,1658127519919712000_8672,1
1926,1657879485298205000_43362,1
1927,1658134928202679000_31773,1
1928,1658227692259321000_76920,1
1929,1658134271514674000_2671,16
1930,1658287842865051000_2399,1
1931,1658193747415226000_85668,2
1932,1658146023853673000_45630,1
1933,1658129316987238000_77463,1
1934,1658185927276577000_28253,1
1935,1658216174244319000_21087,1
1936,1658208465287872000_80792,1
1937,1658135165947197000_97803,1
1938,1658109447874303000_71687,6
1939,1658112975482524000_19746,1
1940,1658123795654076000_67080,1
1941,1658128731555647000_69101,3
1942,1658141646877638000_74389,9
1943,1658204566264670000_59360,2
1944,1658142882153762000_2701,1
1945,1658114520152464000_43440,1
1946,1658225914636998000_82361,1
1947,1658140609925143000_55375,1
1948,1658210357834324000_46239,2
1949,1658114817747062000_89525,3
1950,1658193758278761000_73818,2
1951,1658140992171617000_99589,1
1952,1658141623191780000_68268,2
1953,1657878083188072000_13543,3
1954,1658141043645481000_73555,1
1955,1658143755978238000_52969,1
1956,1658141586663385000_73260,1
1957,1658282290466751000_60282,1
1958,1658218617478678000_18286,1
1959,1658195067987154000_39129,1
1960,1658140797739829000_92954,1
1961,1658210215317280000_30823,1
1962,1657878534990241000_72888,52
1963,1658228197845619000_25453,1
1964,1657881172487886000_31622,1
1965,1658108542721988000_74230,1
1966,1658146429384806000_22878,1
1967,1658227048681725000_67892,13
1968,1658142664909392000_8664,1
1969,1658213542669683000_33503,2
1970,1658280889797351000_67860,1
1971,1657880323816131000_99723,16
1972,1657881008496137000_53722,4
1973,1658113700354449000_33528,10
1974,1658141584289995000_2347,1
1975,1658141728806015000_31499,1
1976,1658127520130293000_26611,487
1977,1658202040648854000_52832,5
1978,1657885221534227000_84831,1
1979,1658117384501529000_24687,2
1980,1658120817153123000_71843,1
1981,1658141598469377000_19141,20
1982,1658206943139551000_46416,1
1983,1658215275399503000_45244,1
1984,1658140928030158000_29417,1
1985,1658224565036203000_15632,1
1986,1658217195805212000_35079,3
1987,1658288416874293000_10171,1
1988,1658291528944304000_26905,6
1989,1658117358561594000_33893,2
1990,1658112977648300000_1607,3
1991,1658140682297361000_68013,1
1992,1658215273984414000_62468,1
1993,1658142198920348000_89322,1
1994,1658193487470155000_87465,1
1995,1658188342525455000_78343,1
1996,1658198077021258000_53733,1
1997,1658227740884813000_83250,1
1998,1657879486717979000_18279,1
1999,1658122266199252000_28671,1
2000,1658204565131246000_45581,1
2001,1658203936077825000_69531,1
2002,1658133131800444000_97959,1
2003,1658141013218808000_96570,8
2004,1658227898625627000_11765,1
2005,1658228191897350000_64121,1
2006,1657882469151526000_61287,1
2007,1658291527263062000_3554,1
2008,1658141464455544000_8421,1
2009,1658122045650978000_49365,1
2010,1658142200691622000_56404,1
2011,1658141387622227000_84889,1
2012,1657881916916443000_48867,1
2013,1658209449648384000_22687,1
2014,1658213218419550000_64454,1
2015,1658207010437839000_83491,1
2016,1658141553922632000_65775,3
2017,1658141058645179000_82495,1
2018,1658142521379436000_64968,1
2019,1658226557607958000_1363,1
2020,1658122670657601000_86027,1
2021,1658137433717616000_1884,1
2022,1658141847185165000_77977,2
2023,1658111979536444000_90079,71
2024,1658142156176814000_98807,1
2025,1658133340569848000_83222,2
2026,1658112888252488000_84538,12
2027,1658126079715656000_56747,1
2028,1658226556560799000_94878,1
2029,1658141486382805000_940,11
2030,1658227741033070000_80162,1
2031,1658202962318999000_77078,2
2032,1658205596361472000_45643,5
2033,1657885221723398000_30514,1
2034,1658141591138802000_94296,3
2035,1658226803697051000_93440,1
2036,1658206992706895000_53667,1
2037,1658203948016544000_17696,1
2038,1657878165804683000_38192,40
2039,1658210360941348000_95455,1
2040,1658279700838088000_42255,1
2041,1658201625038132000_72329,1
2042,1658209138164454000_43678,2
2043,1658185380829068000_76433,1
2044,1658113581379549000_74712,11
2045,1657881011308856000_92122,1
2046,1658126372956031000_83660,1
2047,1658134257976646000_15970,2
2048,1658208459752777000_72453,1
2049,1657881011970849000_43833,1
2050,1658143872016896000_37950,16
2051,1658123943746752000_3430,1
2052,1658208459421881000_70228,1
2053,1657878777790615000_10330,2
2054,1658141769189436000_55654,2
2055,1658224157456271000_96045,1
2056,1658140878283666000_73115,3
2057,1658114506050261000_96846,3
2058,1658142168624901000_9863,1
2059,1658137705256340000_1055,7
2060,1658217215597541000_76765,3
2061,1658288244045142000_96450,15
2062,1658145720765324000_55175,1
2063,1658133449695446000_75400,1
2064,1658226697914507000_93942,1
2065,1658207088952296000_88283,1
2066,1658117052912940000_38970,21
2067,1658142883064118000_66593,2
2068,1658141558613587000_39171,9
2069,1658143545471828000_47621,2
2070,1658228793881198000_90906,1
2071,1658203943435698000_32131,1
2072,1658137339528888000_71353,1
2073,1658193488360548000_35499,2
2074,1658128724754594000_66434,1
2075,1658202097954323000_92435,1
2076,1658133119311044000_64086,1
2077,1658204355901302000_14758,1
2078,1658140790015300000_88593,71
2079,1658185862706930000_87463,1
2080,1657880757988128000_91108,1
2081,1658269791391061000_56856,1
2082,1657881012957665000_48790,1
2083,1658140690752333000_62949,8
2084,1658139500783328000_28148,1
2085,1658198087327777000_48050,14
2086,1657882635184861000_29476,2
2087,1658129325535108000_81422,1
2088,1658288371305543000_27450,8
2089,1658217343721017000_43923,1
2090,1658195261967513000_34361,1
2091,1658137247673592000_69832,2
2092,1658281664273623000_87840,32
2093,1658123461458518000_5904,1
2094,1658141643326975000_81493,1
2095,1658141478560140000_67136,1
2096,1658210239321932000_77346,11
2097,1658114599260728000_3904,10
2098,1658222333190939000_59267,1
2099,1657879487228555000_19597,4
2100,1658215225044262000_58980,1
2101,1658134721971876000_51812,1
2102,1658120952974136000_56983,7
2103,1658125798990188000_32641,1
2104,1658197260140755000_37884,1
2105,1658288242846253000_89775,2
2106,1658111215346846000_80231,1
2107,1658140505480085000_82620,1
2108,1658193748905312000_86430,4
2109,1658133284960041000_45449,1
2110,1658141966865303000_71936,1
2111,1658201352090328000_75749,14
2112,1658113718157217000_86658,22
2113,1658114125199989000_99234,28
2114,1658146439015189000_40813,11
2115,1658281289879402000_96451,1
2116,1658141131435608000_13623,9
2117,1658140991696649000_96518,2
2118,1658141053505430000_64489,1
2119,1658142198781469000_68831,1
2120,1658281500831337000_30963,2
2121,1658185338344979000_10348,1
2122,1658137433536037000_62380,1
2123,1658141651603714000_91792,1
2124,1658142891229653000_39692,1
2125,1657880367570833000_30787,2
2126,1657880412638591000_80382,1
2127,1658195398519164000_49169,19
2128,1658141508777054000_14417,3
2129,1658114183618050000_4843,1
2130,1658226705659288000_15233,1
2131,1657882469306798000_3926,42
2132,1658141087915321000_54025,1
2133,1658114601208930000_36456,14
2134,1657885208863890000_90769,1
2135,1658122625032251000_58774,1
2136,1658286783660574000_87189,1
2137,1658212950822065000_3559,14
2138,1658196333615438000_68679,186
2139,1658146435966903000_6043,6
2140,1658129333472005000_64936,1
2141,1658193792266285000_64538,1
2142,1658190292153042000_38854,1
2143,1658227230359304000_41586,19
2144,1658125290306913000_1176,1
2145,1658202296614310000_19554,11
2146,1658143247745241000_48916,1
2147,1658141199671931000_25535,7
2148,1657878834534299000_84097,1
2149,1658123469798437000_41535,1
2150,1658188804966851000_75149,1
2151,1658141589706259000_70489,7
2152,1658213909523296000_73964,1
2153,1658290928536893000_24798,2
2154,1658202944353496000_91719,1
2155,1658194827809584000_4538,1
2156,1658141399930263000_16393,1
2157,1658203090531358000_17776,2
2158,1657885209499393000_87018,36
2159,1658222334225846000_79094,1
2160,1658226556784816000_44370,4
2161,1658286238029321000_77505,2
2162,1657878963875701000_63776,1
2163,1658210548668349000_20599,1
2164,1657883257953251000_82022,1
2165,1658115210188842000_46145,1
2166,1658146029105547000_86201,5
2167,1658133335018252000_11306,1
2168,1658202991144794000_28534,1
2169,1658212243743715000_77458,1
2170,1658108015148073000_5327,1
2171,1658227802287658000_69719,15
2172,1658209010954865000_25122,5
2173,1658141040727943000_20521,2
2174,1658194042790348000_55613,1
2175,1658282291685339000_29794,1
2176,1658127514410726000_74613,8
2177,1657885240919741000_64420,14
2178,1658134740460925000_31458,1
2179,1658185330934303000_94724,1
2180,1658143762279352000_66113,1
2181,1658224107521541000_463,1
2182,1658118413540448000_93989,2
2183,1658114818444026000_81013,2
2184,1658200271918363000_35820,1
2185,1658187828312133000_11686,1
2186,1658196901008504000_34064,1
2187,1658226697250952000_49571,1
2188,1658141371270307000_40292,1
2189,1658141437352740000_87121,3
2190,1658124258823106000_57602,2
2191,1658226642730389000_70568,1
2192,1658115399605290000_24510,1
2193,1658228798590560000_28007,1
2194,1658196471542886000_46628,1
2195,1658228126075612000_19586,1
2196,1658212767307423000_55926,1
2197,1658133133065433000_94737,20
2198,1658213031731066000_74317,1
2199,1658226698981938000_6237,1
2200,1658224556621661000_15327,3
2201,1658217323475654000_96043,1
2202,1658142940879061000_31786,2
2203,1658282225884318000_49099,5
2204,1657878170404085000_48989,2
2205,1658109468023928000_34593,1
2206,1657878958887389000_69004,3
2207,1658140708412777000_99492,10
2208,1658133138596108000_85817,1
2209,1658222236088970000_27844,7
2210,1658204803159954000_82810,8
2211,1658228793475236000_91551,1
2212,1657878944678574000_28779,1
2213,1658196901161051000_35863,26
2214,1658141169323072000_56711,1
2215,1658215113257927000_32059,1
2216,1658141973793451000_80175,1
2217,1658196535912523000_25348,6
2218,1658140675062611000_59279,1
2219,1658141452618175000_10008,3
2220,1658189334885922000_14864,1
2221,1657882615338152000_26150,1
2222,1658128758850776000_65117,1
2223,1658139433240702000_85790,1
2224,1658141428537985000_96786,30
2225,1658122309494078000_62633,1
2226,1658291928358526000_81284,1
2227,1658213815449963000_72300,1
2228,1658133107671192000_77591,1
2229,1657878173453395000_56319,1
2230,1658122627813418000_50154,1
2231,1658123399519511000_89394,1
2232,1658125290482408000_63846,1
2233,1658140635067853000_97797,1
2234,1658140931621680000_34193,5
2235,1658133128255960000_74462,1
2236,1658291015454494000_21340,1
2237,1658206363702500000_47022,1
2238,1658218617619266000_51642,5
2239,1658140991204440000_22787,1
2240,1657878096205772000_31948,3
2241,1658225916215428000_2677,1
2242,1658122119275354000_3770,1
2243,1658228125809823000_9276,1
2244,1658195427556404000_70305,12
2245,1657883995943407000_72743,1
2246,1658114180766100000_6016,4
2247,1658208580760183000_31066,1
2248,1658146041496830000_96866,2
2249,1658141498065615000_44551,3
2250,1658114824239321000_95304,1
2251,1658140993829268000_29904,3
2252,1658203090395502000_69129,1
2253,1658120816974458000_11984,1
2254,1658205593376285000_97968,1
2255,1657879487143496000_4325,1
2256,1658206840915191000_70275,1
2257,1658202962202615000_58154,1
2258,1657885232593822000_87157,22
2259,1658142521705743000_19897,1
2260,1658141169557658000_4417,1
2261,1658122626727377000_11827,1
2262,1658282004026621000_74752,1
2263,1657881511246579000_8101,1
2264,1658208227194627000_28737,1
2265,1658219278567338000_49753,1
2266,1658288200685779000_53011,4
2267,1658120952598383000_29320,1
2268,1657881509220672000_91823,1
2269,1657878986707121000_14999,2
2270,1658141041386011000_51634,1
2271,1658212014527298000_99236,1
2272,1658141972389694000_35353,2
2273,1657880751368866000_25024,1
2274,1658212383371112000_9360,1
2275,1658142149943772000_51402,17
2276,1658141395806392000_47473,1
2277,1658196526486338000_53360,5
2278,1658140701316378000_85495,1
2279,1658193814528369000_53262,1
2280,1658281873053630000_81585,1
2281,1658114177539607000_16221,5
2282,1658217343531288000_13378,1
2283,1658140699289309000_82524,1
2284,1658127750483642000_87506,1
2285,1658111971258372000_88818,1
2286,1658141053618816000_49734,1
2287,1658141523917427000_5397,1
2288,1658141073831701000_17963,3
2289,1658140482411468000_70031,1
2290,1657878174707350000_38365,1
2291,1657878534075746000_56946,7
2292,1657878211738261000_79337,1
2293,1658132584537399000_33541,3
2294,1658279700962721000_83381,2
2295,1658140867303750000_24591,1
2296,1658112492538850000_24041,1
2297,1658224564892062000_23847,1
2298,1658195176398648000_32782,123
2299,1657878983198524000_31661,15
2300,1658228194493912000_24944,1
2301,1658142416667692000_85499,1
2302,1658141169762854000_61937,1
2303,1658118726129534000_29306,2
2304,1658199340882503000_4045,3
2305,1658206907574480000_40046,1
2306,1658117057739403000_53877,2
2307,1658210241903511000_73454,1
2308,1657879487056779000_57580,1
2309,1657878183857329000_14255,1
2310,1658217316424635000_55952,1
2311,1658127753053209000_71796,3
2312,1658228151575733000_94113,1
2313,1658140609784156000_29898,1
2314,1658196157159698000_10666,43
2315,1658142163875085000_52914,5
2316,1658227387025566000_44209,2
2317,1658141022565270000_99456,1
2318,1658137791552710000_17156,1
2319,1658280900107346000_32243,1
2320,1658225027274943000_76619,1
2321,1658114816863436000_76917,1
2322,1658228192369763000_66197,1
2323,1658289198050297000_5192,1
2324,1658141255966465000_31032,1
2325,1658134470976312000_14014,1
2326,1658208669139941000_81956,1
2327,1658140736008645000_84730,12
2328,1658106660455283000_88581,1
2329,1658286147174511000_14838,2
2330,1657883995222863000_91380,1
2331,1657881976043262000_67518,1
2332,1658228193470538000_35739,1
2333,1658204355126551000_27242,1
2334,1658141341571465000_16211,16
2335,1658143750691872000_857,1
2336,1658140835961157000_5640,1
2337,1658133129472631000_7441,1
2338,1658123613137137000_1364,1
2339,1658141654890486000_51712,1
2340,1658217322848453000_79686,1
2341,1658289190767125000_59773,25
2342,1658127229856245000_31947,1
2343,1658196791357825000_98577,1
2344,1658141766096208000_95616,3
2345,1658286784109713000_14681,1
2346,1658143756277836000_69900,2
2347,1658213218109687000_91206,1
2348,1658203943435790000_91658,1
2349,1658142659568981000_33526,2
2350,1657882662409282000_26123,1
2351,1658208459635005000_94008,1
2352,1658288209190114000_83491,12
2353,1658288416272855000_97423,1
2354,1658291527757511000_86436,1
2355,1658269736818163000_16284,1
2356,1658112975655910000_34884,13
2357,1658228196260911000_81189,1
2358,1657880368429650000_65235,1
2359,1658287973567246000_46690,2
2360,1658288194875329000_38802,7
2361,1658122030820850000_55925,4
2362,1658109935340679000_75231,22
2363,1658142295321363000_10195,10
2364,1658111971706369000_53764,36
2365,1658134747381916000_54335,1
2366,1658141729961702000_24217,2
2367,1658226177593386000_89871,1
2368,1658204802590611000_85742,1
2369,1658212939078590000_60707,3
2370,1658144356600773000_78392,1
2371,1658185314030479000_52317,1
2372,1658114849015189000_10324,1
2373,1658117792648901000_25341,1
2374,1658122039958794000_25317,9
2375,1658111221658834000_62208,1
2376,1658279697040708000_2110,15
2377,1658140746997810000_1408,584
2378,1658201356145189000_51238,1
2379,1658195403491254000_11821,11
2380,1658209119469083000_21412,1
2381,1658126079922428000_86972,1
2382,1658143721126651000_29469,4
2383,1658194827942328000_90778,1
2384,1658141120575192000_74682,7
2385,1657880326113660000_13043,33
2386,1658126080934168000_16517,1
2387,1658222333190815000_25484,1
2388,1658291564639255000_12918,1
2389,1657881581363174000_20174,5
2390,1658108014815397000_34406,2
2391,1658128146870935000_74523,1
2392,1658117052263551000_88859,1
2393,1658112055690433000_90881,37
2394,1658109467821233000_80144,1
2395,1658141729855594000_54424,1
2396,1658138867718343000_9654,1
2397,1658141088085425000_41892,2
2398,1658126080722989000_20643,1
2399,1658199440334294000_61357,1
2400,1658141126673867000_17194,21
2401,1658206995228736000_24022,1
2402,1658212248568639000_55391,1
2403,1658227625293140000_1672,1
2404,1657882468259975000_90191,3
2405,1658140991480517000_84482,2
2406,1658193818187331000_63651,1
2407,1658291562430573000_56786,1
2408,1658114137103645000_31487,1
2409,1657880425644639000_7240,32
2410,1658280899677969000_54092,1
2411,1658114180205750000_43174,1
2412,1658209013490249000_12543,11
2413,1658196149055953000_56694,5
2414,1658138730790796000_18783,1
2415,1658215266779553000_45941,1
2416,1658201205634847000_38330,1
2417,1658127749624111000_78705,1
2418,1658203944948618000_13636,3
2419,1658115849199933000_538,1
2420,1658125292267897000_44998,1
2421,1658141336698246000_51837,1
2422,1658208226019467000_9001,7
2423,1658120952801201000_78740,1
2424,1658222234829341000_27118,1
2425,1658204359398101000_69566,3
2426,1658146454414543000_76886,1
2427,1658142523299376000_49889,1
2428,1658282004520123000_24152,1
2429,1658280347909143000_5445,2
2430,1658127750689487000_51249,9
2431,1657885209293829000_35888,1
2432,1658137431860079000_51901,1
2433,1658214017908694000_82596,1
2434,1658143768347963000_41182,2
2435,1658114340095269000_24830,3
2436,1658221576447162000_88337,1
2437,1658143764408672000_44486,1
2438,1658122309826478000_23885,3
2439,1657881165371691000_7477,1
2440,1658207147392891000_91469,1
2441,1657883282879607000_40479,24
2442,1657880381691427000_95353,1
2443,1658139867848341000_29191,1
2444,1658217335495876000_3964,2
2445,1658193614079853000_55219,1
2446,1658291014831528000_50683,1
2447,1658280560477831000_35711,1
2448,1658141037085347000_55417,2
2449,1658128304071802000_98734,2
2450,1658202034877695000_11556,8
2451,1658227157713349000_84244,1
2452,1658127490736965000_83669,5
2453,1657885209499467000_56325,1
2454,1658224164472544000_9067,1
2455,1657880369481975000_38707,42
2456,1657878707362761000_81270,2
2457,1658141620300964000_58505,8
2458,1658141003138888000_53218,77
2459,1658227037586810000_73606,14
2460,1658109270783456000_2262,5
2461,1657881012653394000_38035,1
2462,1658140867394465000_33356,2
2463,1658280031056074000_5749,1
2464,1658114503739925000_31547,9
2465,1658281875424605000_7380,1
2466,1657878958216747000_24732,1
2467,1658109455440765000_49380,1
2468,1658285030218477000_63070,1
2469,1658128435355645000_53166,1
2470,1658140835493835000_47514,1
2471,1658222241072850000_2841,4
2472,1657882636149332000_999,3
2473,1658143868779030000_81240,21
2474,1658112439018946000_88607,403
2475,1658141968932233000_59590,3
2476,1658142118347646000_2986,1
2477,1658124157425383000_77680,1
2478,1658200268454556000_55743,4
2479,1657881492869901000_17300,1
2480,1658139865780988000_82065,9
2481,1657878835317430000_87989,1
2482,1658134286080132000_46038,1
2483,1658143189630252000_10702,1
2484,1658218740119672000_5033,2
2485,1658140677518625000_8511,8
2486,1658109423791107000_6439,211
2487,1658109455352832000_17183,1
2488,1657883280622761000_34994,1
2489,1657878704114422000_86740,2
2490,1658114519899705000_34969,1
2491,1658110943998659000_65109,1
2492,1658137810835139000_6868,1
2493,1658125431171274000_65871,2
2494,1657883994642118000_1512,1
2495,1658202292546788000_16891,1
2496,1658217210607386000_41155,1
2497,1657878096727568000_37874,1
2498,1658142163734346000_10777,1
2499,1657880384014141000_78418,1
2500,1658219017754259000_30173,1
2501,1658202100258154000_18643,2
2502,1658211104640924000_38278,1
2503,1658193792023748000_71366,1
2504,1658226558854080000_92188,1
2505,1658140837330032000_20987,1
2506,1658226541286187000_82504,1
2507,1657878797085932000_72780,12
2508,1658140842970910000_84712,1
2509,1658122305829795000_45570,1
2510,1658194042912937000_92335,1
2511,1658224555671196000_8785,1
2512,1657878714471605000_25351,4
2513,1658140731794358000_10923,1
2514,1658227442050792000_41284,1
2515,1658227110149655000_21196,2
2516,1658126081110911000_30678,6
2517,1658133107198259000_47420,1
2518,1657878271359997000_55545,2
2519,1658281394380965000_90046,2
2520,1658141048778999000_34384,1
2521,1658227044455196000_48364,1
2522,1658141290091449000_9064,2
2523,1658227642282475000_95531,2
2524,1658141652038460000_78777,7
2525,1658115210607106000_37811,3
2526,1658130144455316000_29416,13
2527,1658227441051021000_60312,1
2528,1658226070107219000_55997,1
2529,1658143711159788000_90181,6
2530,1658218740503799000_25557,1
2531,1657885209293872000_13949,1
2532,1657878575840753000_52510,11
2533,1658140617665040000_47392,2
2534,1658141512093959000_12015,2
2535,1658142199678760000_79811,7
2536,1658224564567196000_94467,1
2537,1658228848422041000_54229,5
2538,1658291015170746000_58420,1
2539,1658288441094412000_4290,2
2540,1658114517056889000_87960,6
2541,1658287504090877000_53842,1
2542,1658140693027106000_49888,1
2543,1658116452658941000_79305,1
2544,1658227036159187000_67567,1
2545,1658111913604794000_17510,1
2546,1658123875486754000_70454,3
2547,1658110115701288000_68786,1
2548,1658142161156084000_83216,13
2549,1658141814075432000_78804,10
2550,1658205363830536000_47003,2
2551,1658215277254762000_39582,16
2552,1658129325723120000_18966,1
2553,1657881012801663000_5950,1
2554,1658217875489823000_36171,1
2555,1658291530051068000_20992,2
2556,1658208810125216000_30077,1
2557,1658146039317050000_87465,1
2558,1658290928866391000_41831,1
2559,1658128145294148000_22515,6
2560,1657878786542965000_71312,3
2561,1658185754536384000_63746,2
2562,1658288239220055000_9439,1
2563,1658117358073883000_56836,1
2564,1658141445649503000_75828,1
2565,1658281872944165000_16649,1
2566,1657878252378395000_5613,30
2567,1658121537631312000_98923,1
2568,1658291562606754000_16428,1
2569,1658140989931502000_46798,4
2570,1658120820880765000_98253,1
2571,1658217216751259000_60353,1
2572,1658114166470018000_36795,5
2573,1658142658892602000_59992,1
2574,1658188328505523000_63477,1
2575,1658226556784744000_51535,2
2576,1658203414101351000_49394,1
2577,1657880635571821000_9282,1
2578,1657881165657473000_97600,35
2579,1658227048367597000_53247,1
2580,1658140772653559000_43254,3
2581,1658143753124756000_97407,1
2582,1658122042660800000_12243,1
2583,1657878216438685000_75787,1
2584,1658207801611598000_72983,1
2585,1658227093538337000_89076,7
2586,1658140698784272000_89086,1
